{
  "accession": "MTBLS1",
  "groups": [
    "diabetes mellitus",
    "Control Group"
  ],
  "n_samples": 132,
  "R2Y": 0.9984568556084452,
  "Q2": 0.3400914250074919,
  "p_permutation": 0.0,
  "AUROC_cv": 0.9312996031746031,
  "preprocessing_time_s": 39.05,
  "pca_time_s": 0.233,
  "opls_time_s": 50.86,
  "ppm_points": 50029,
  "n_samples_total": 132,
  "calibration_mean_dev_ppm": 0.004116451223985101,
  "calibration_std_dev_ppm": 0.0021781668366759994,
  "mean_snr": 244.24093796074206
}