{
  "R2Y": 0.9737394442468171,
  "Q2": -0.5282375805730242,
  "anchor_ppm_top_vip": 1.254632714817694,
  "groups": [
    "Control Group",
    "diabetes mellitus"
  ],
  "n_samples": 121
}